{
  "apiKeys": [
    {
      "id": "1",
      "key": "senko_api_2024_demo_key_12345",
      "name": "Demo API Key",
      "userId": "demo_user",
      "permissions": [
        "read",
        "write"
      ],
      "rateLimit": {
        "requests": 1000,
        "window": "1h"
      },
      "usage": {
        "totalRequests": 102,
        "lastUsed": "2025-07-20T02:15:50.107Z"
      },
      "status": "active",
      "createdAt": "2024-01-01T00:00:00Z",
      "expiresAt": null
    },
    {
      "id": "2",
      "key": "senko_dev_key_67890",
      "name": "Development Key",
      "userId": "dev_user",
      "permissions": [
        "read",
        "write",
        "admin"
      ],
      "rateLimit": {
        "requests": 5000,
        "window": "1h"
      },
      "usage": {
        "totalRequests": 0,
        "lastUsed": null
      },
      "status": "active",
      "createdAt": "2024-01-01T00:00:00Z",
      "expiresAt": null
    },
    {
      "id": "3",
      "key": "senko_test_key_abcdef",
      "name": "Test API Key",
      "userId": "test_user",
      "permissions": [
        "read"
      ],
      "rateLimit": {
        "requests": 100,
        "window": "1h"
      },
      "usage": {
        "totalRequests": 0,
        "lastUsed": null
      },
      "status": "active",
      "createdAt": "2024-01-01T00:00:00Z",
      "expiresAt": "2024-12-31T23:59:59Z"
    }
  ]
}