{
  "notifications": [
    {
      "id": "1",
      "type": "info",
      "title": "Selamat Datang!",
      "message": "Selamat datang di Senko API Dashboard. Semua API sedang dipantau.",
      "timestamp": "2024-07-17T10:00:00Z",
      "active": true
    },
    {
      "id": "2",
      "type": "warning",
      "title": "Perhatian: API Anime",
      "message": "Beberapa API anime mungkin mengalami peningkatan latensi. Kami sedang menyelidiki.",
      "timestamp": "2024-07-17T09:30:00Z",
      "active": true
    },
    {
      "id": "3",
      "type": "error",
      "title": "Peringatan: API Login",
      "message": "API Login mengalami gangguan intermiten. Autentikasi mungkin terpengaruh.",
      "timestamp": "2024-07-17T09:00:00Z",
      "active": true
    }
  ]
}
